session_id,capture_file,ts_iso,yam_baby_cry,yam_crying_sobbing,yam_speech,yam_child_speech,yam_screaming,yam_label_auto,hnr_db,rms_peak,f0_mean_hz,f0_voiced_frac,centroid_mean_hz,flatness_mean,duration_s,trigger_note,trigger_rms,dev_cry_conf_at_capture,human_label,human_label_ts
night-20260420,cry-20260418T165723+1000.wav,2026-04-18T16:57:23+10:00,0.19505208730697632,0.38793399930000305,0.9993386268615723,0.11656662821769714,0.0043837227858603,borderline_cry,5.4,1471.1383,372.2,0.053,1748.2,0.4522,40.0,capacity-test,33.5,0.609,,
night-20260420,cry-20260418T170059+1000.wav,2026-04-18T17:00:59+10:00,0.03518384322524071,0.08290789276361465,0.9985475540161133,0.541532576084137,0.008722762577235699,speech,2.2,1459.0823,459.1,0.1186,1703.5,0.4349,40.0,verify-round-2,81.2,0.614,,
night-20260420,cry-20260418T181217+1000.wav,2026-04-18T18:12:17+10:00,0.33587464690208435,0.37423059344291687,0.999923825263977,0.46733251214027405,0.08602295070886612,borderline_cry,3.5,1933.23,752.3,0.0625,1848.3,0.4507,40.0,test-get-alias,41.5,0.623,,
night-20260420,cry-20260418T181954+1000.wav,2026-04-18T18:19:54+10:00,0.045890845358371735,0.07817739248275757,0.9586567878723145,0.2317192405462265,0.001111874240450561,speech,8.0,409.8038,950.6,0.0015,1680.9,0.4519,40.016,living-room,42.3,0.604,,
night-20260420,cry-20260418T190211+1000.wav,2026-04-18T19:02:11+10:00,0.0025429546367377043,0.008680729195475578,0.9998348951339722,0.04084665700793266,0.0008675525896251202,speech,2.4,5196.478,349.6,0.2501,1588.1,0.3651,40.0,auto-rms-8x-rms525,525.2,0.619,,
night-20260420,cry-20260418T190439+1000.wav,2026-04-18T19:04:39+10:00,0.007123581599444151,0.03307637572288513,0.9999823570251465,0.08537222445011139,0.0015885612228885293,speech,3.1,6955.436,480.2,0.2516,1675.5,0.3943,40.0,auto-rms-5x-rms337,337.0,0.62,,
night-20260420,cry-20260418T191854+1000.wav,2026-04-18T19:18:54+10:00,0.21206922829151154,0.41551724076271057,0.9959079027175903,0.4771059453487396,0.004530292935669422,borderline_cry,5.6,1532.4851,327.7,0.074,1695.4,0.4368,40.0,auto-rms-11x-rms576,575.5,0.612,,
night-20260420,cry-20260418T192021+1000.wav,2026-04-18T19:20:21+10:00,0.13273747265338898,0.24369211494922638,0.9999657273292542,0.1449022740125656,0.007890453562140465,speech,3.1,3783.0674,388.6,0.1676,1827.6,0.4444,40.0,auto-rms-29x-rms1528,1528.2,0.577,,
night-20260420,cry-20260419T045426+1000.wav,2026-04-19T04:54:26+10:00,0.9430736303329468,0.9916559457778931,0.6346966624259949,0.29892176389694214,0.061257749795913696,cry,9.7,3180.7017,442.5,0.5093,1905.6,0.3241,40.0,auto-rms-6x-rms397,396.7,0.621,,
night-20260420,cry-20260419T045502+1000.wav,2026-04-19T04:55:02+10:00,0.9158111810684204,0.9933263659477234,0.41567981243133545,0.42252522706985474,0.4236886203289032,cry,8.2,2985.562,432.9,0.2786,1791.3,0.3881,40.0,cry,604.4,0.599,,
night-20260420,cry-20260419T050032+1000.wav,2026-04-19T05:00:32+10:00,0.9665002822875977,0.9973782896995544,0.21237042546272278,0.20962749421596527,0.01849256083369255,cry,8.4,3960.9912,461.6,0.2201,1986.6,0.44,40.0,auto-rms-12x-rms765,764.8,0.598,,
night-20260420,cry-20260419T050236+1000.wav,2026-04-19T05:02:36+10:00,0.9743780493736267,0.9985092878341675,0.7392223477363586,0.5588051676750183,0.10741019248962402,cry,7.0,3159.2734,545.2,0.3302,1938.4,0.3854,40.0,auto-rms-9x-rms560,560.1,0.618,,
night-20260420,cry-20260419T050339+1000.wav,2026-04-19T05:03:39+10:00,0.9753732681274414,0.9986523985862732,0.3922531306743622,0.42790892720222473,0.37326744198799133,cry,7.8,4812.8022,564.1,0.5293,1943.0,0.3658,40.0,auto-rms-19x-rms1247,1247.2,0.604,,
night-20260420,cry-20260419T050417+1000.wav,2026-04-19T05:04:17+10:00,0.883629322052002,0.9825984239578247,0.5058292150497437,0.3366556763648987,0.48550480604171753,cry,7.5,4132.2236,557.4,0.4852,1763.1,0.3437,40.0,Cry2,379.6,0.603,,
night-20260420,cry-20260419T050448+1000.wav,2026-04-19T05:04:48+10:00,0.921689510345459,0.9919276833534241,0.3064592182636261,0.22097130119800568,0.11986396461725235,cry,9.1,4061.9783,519.4,0.3312,1759.2,0.3767,40.0,auto-rms-14x-rms951,950.9,0.597,,
night-20260420,cry-20260419T050605+1000.wav,2026-04-19T05:06:05+10:00,0.9262428283691406,0.9860315918922424,0.15558083355426788,0.2175097018480301,0.024953849613666534,cry,10.0,1540.205,483.5,0.1226,1735.2,0.4061,40.0,,,,,
night-20260420,cry-20260419T050638+1000.wav,2026-04-19T05:06:38+10:00,0.9324239492416382,0.9916576743125916,0.29051846265792847,0.6597972512245178,0.03955568000674248,cry,9.7,2873.7812,522.8,0.4122,1763.8,0.3454,40.0,auto-rms-14x-rms933,933.1,0.607,,
night-20260420,cry-20260419T050711+1000.wav,2026-04-19T05:07:11+10:00,0.916251003742218,0.9881392121315002,0.19161611795425415,0.5467368960380554,0.000679768854752183,cry,9.7,2974.1875,512.4,0.1311,1654.8,0.4104,40.0,Cry4,65.5,0.624,,
night-20260420,cry-20260419T050853+1000.wav,2026-04-19T05:08:53+10:00,0.9471139311790466,0.9953877329826355,0.9710839986801147,0.22220683097839355,0.06716755032539368,cry,9.9,3432.1323,502.7,0.4052,1868.8,0.3549,40.0,auto-rms-22x-rms1435,1435.4,0.622,,
night-20260420,cry-20260419T050940+1000.wav,2026-04-19T05:09:40+10:00,0.9506289958953857,0.9956609606742859,0.987644612789154,0.1752147078514099,0.4412759840488434,cry,8.6,3672.7261,500.0,0.4027,1928.2,0.3558,40.0,Cry5,106.2,0.618,,
night-20260420,cry-20260419T051049+1000.wav,2026-04-19T05:10:49+10:00,0.9497342109680176,0.9913282990455627,0.0949188843369484,0.06623146682977676,0.0002661847975105047,cry,11.5,4031.6748,712.5,0.2441,1710.5,0.3772,40.0,auto-rms-6x-rms377,377.5,0.607,,
night-20260420,cry-20260419T051150+1000.wav,2026-04-19T05:11:50+10:00,0.9170901775360107,0.9885124564170837,0.5788463950157166,0.6126201748847961,0.44899511337280273,cry,6.8,4181.1323,477.0,0.6433,1964.2,0.333,40.0,auto-rms-23x-rms1538,1537.8,0.618,,
night-20260420,cry-20260419T101712+1000.wav,2026-04-19T10:17:12+10:00,0.38240548968315125,0.4832683205604553,0.9977240562438965,0.07852966338396072,0.003914332948625088,borderline_cry,2.5,11015.7979,666.5,0.06,2007.3,0.5211,40.0,auto-rms-5x-rms330,330.3,0.628,,
night-20260420,cry-20260419T110432+1000.wav,2026-04-19T11:04:32+10:00,2.8015066927634585e-26,2.764026222501033e-24,0.0016259669791907072,3.6258898715533366e-14,5.481189649575205e-34,other,0.0,67.2318,0.0,0.0,2037.1,0.5374,40.0,,55.1,0.563,,
night-20260420,cry-20260419T124206+1000.wav,2026-04-19T12:42:06+10:00,0.4611963927745819,0.5483709573745728,0.9987867474555969,0.4105228781700134,0.011509562842547894,cry,4.7,3535.3132,315.5,0.0819,1993.8,0.4818,40.06,auto-rms-13x-rms477,477.1,0.597,,
night-20260420,cry-20260419T124631+1000.wav,2026-04-19T12:46:31+10:00,0.7926858067512512,0.8568056225776672,0.9958260655403137,0.45315325260162354,0.27077051997184753,cry,6.7,1494.427,460.2,0.1001,1632.0,0.3579,40.0,auto-rms-13x-rms475,475.4,0.603,,
night-20260420,cry-20260419T124816+1000.wav,2026-04-19T12:48:16+10:00,0.7788302302360535,0.9144179224967957,0.9910385608673096,0.6917962431907654,0.16482102870941162,cry,3.6,732.0891,484.9,0.0485,2097.9,0.4977,40.0,auto-rms-14x-rms481,481.2,0.632,,
night-20260420,cry-20260419T125254+1000.wav,2026-04-19T12:52:54+10:00,0.0464046411216259,0.0970662459731102,0.9989582300186157,0.25219306349754333,0.0034128616098314524,speech,2.4,1632.488,551.6,0.037,2002.6,0.5092,40.0,auto-rms-9x-rms306,306.0,0.637,,
night-20260420,cry-20260419T125547+1000.wav,2026-04-19T12:55:47+10:00,0.004164551384747028,0.013576694764196873,0.9999982118606567,0.06707091629505157,1.933906605700031e-05,speech,2.9,1983.1461,573.9,0.0575,1945.2,0.5099,40.0,auto-rms-30x-rms1080,1079.6,0.598,,
night-20260420,cry-20260419T130101+1000.wav,2026-04-19T13:01:01+10:00,0.0002525238087400794,0.0034467328805476427,0.9999391436576843,0.008465518243610859,6.146808300400153e-05,speech,1.5,3330.8867,550.4,0.4567,1509.9,0.293,40.0,auto-rms-10x-rms359,358.8,0.599,,
night-20260420,cry-20260419T130209+1000.wav,2026-04-19T13:02:09+10:00,0.0011188965290784836,0.002004144946113229,0.999990701675415,0.12918144464492798,0.003478981088846922,speech,0.9,3277.1912,582.8,0.5543,1558.1,0.2796,40.0,auto-rms-24x-rms853,852.8,0.599,,
night-20260420,cry-20260419T130313+1000.wav,2026-04-19T13:03:13+10:00,0.0019151894375681877,0.005052014719694853,0.9999449253082275,0.0058770193718373775,0.00027684777160175145,speech,1.1,3794.1384,521.5,0.4812,1573.2,0.3147,40.0,auto-rms-68x-rms2403,2403.1,0.616,,
night-20260420,cry-20260419T130414+1000.wav,2026-04-19T13:04:14+10:00,0.002351778093725443,0.015016003511846066,0.9999986290931702,0.019596915692090988,1.419484215148259e-05,speech,1.2,2896.979,534.2,0.5168,1526.5,0.2839,40.0,auto-rms-6x-rms216,215.9,0.577,,
night-20260420,cry-20260419T130517+1000.wav,2026-04-19T13:05:17+10:00,0.0004097223572898656,0.0026376727037131786,0.9999815821647644,0.011774427257478237,3.3896487821039045e-06,speech,0.6,2062.6355,580.7,0.4757,1489.2,0.2886,40.0,auto-rms-9x-rms319,318.9,0.599,,
night-20260420,cry-20260419T130620+1000.wav,2026-04-19T13:06:20+10:00,0.01958298310637474,0.031054919585585594,0.9999135732650757,0.3190436363220215,0.0005028694868087769,speech,1.6,2104.0613,557.4,0.4412,1546.6,0.2828,40.0,auto-rms-46x-rms1639,1639.4,0.622,,
night-20260420,cry-20260419T130722+1000.wav,2026-04-19T13:07:22+10:00,0.00010464174556545913,0.0003865875187329948,0.9999992251396179,0.0030782725661993027,7.485051810363075e-06,speech,0.7,2161.293,640.2,0.4852,1548.9,0.3021,40.0,auto-rms-36x-rms1287,1287.1,0.594,,
night-20260420,cry-20260419T130824+1000.wav,2026-04-19T13:08:24+10:00,0.00089566211681813,0.004281037487089634,0.9999446868896484,0.012219877913594246,0.00283629447221756,speech,0.9,1900.2643,669.9,0.4167,1593.8,0.326,40.0,auto-rms-10x-rms356,356.5,0.598,,
night-20260420,cry-20260419T130927+1000.wav,2026-04-19T13:09:27+10:00,0.0009894116083160043,0.005898036528378725,0.9999884366989136,0.014452062547206879,2.4088090867735445e-05,speech,0.9,2012.8513,586.7,0.4892,1399.9,0.2559,40.0,auto-rms-10x-rms366,365.9,0.599,,
night-20260420,cry-20260419T131029+1000.wav,2026-04-19T13:10:29+10:00,0.0012591435806825757,0.0046915397979319096,0.999945878982544,0.013649963773787022,0.0012117234291508794,speech,0.8,2043.4059,622.5,0.5068,1453.1,0.2685,40.0,auto-rms-33x-rms1184,1183.5,0.586,,
night-20260420,cry-20260419T131135+1000.wav,2026-04-19T13:11:35+10:00,0.00012775298091582954,0.0016503811348229647,0.9999958276748657,0.005663413088768721,6.285903509706259e-05,speech,0.7,2669.9238,618.7,0.4562,1543.6,0.2984,40.0,auto-rms-9x-rms320,319.8,0.596,,
night-20260420,cry-20260419T131237+1000.wav,2026-04-19T13:12:37+10:00,0.001631347113288939,0.005749376956373453,0.9999932050704956,0.009207209572196007,0.00028610863955691457,speech,1.3,2991.4805,559.9,0.5558,1481.1,0.2722,40.0,auto-rms-10x-rms352,352.2,0.625,,
night-20260420,cry-20260419T131340+1000.wav,2026-04-19T13:13:40+10:00,0.010101912543177605,0.020142903551459312,0.9998202919960022,0.2068839967250824,0.02111693285405636,speech,1.3,2060.0271,567.5,0.4392,1417.8,0.2744,40.0,auto-rms-21x-rms761,760.7,0.616,,
night-20260420,cry-20260419T131446+1000.wav,2026-04-19T13:14:46+10:00,4.410935798659921e-05,0.00016172826872207224,0.9999675750732422,0.0020564068108797073,7.061340738800936e-07,speech,0.7,2111.262,681.1,0.5128,1435.7,0.2678,40.016,auto-rms-27x-rms969,968.9,0.609,,
night-20260420,cry-20260419T131548+1000.wav,2026-04-19T13:15:48+10:00,0.03949516639113426,0.07036831229925156,0.9999783635139465,0.043738361448049545,0.005852159578353167,speech,0.7,2304.1704,674.0,0.5388,1503.8,0.2805,40.0,auto-rms-33x-rms1160,1160.5,0.608,,
night-20260420,cry-20260419T131652+1000.wav,2026-04-19T13:16:52+10:00,8.836381311994046e-05,0.0003501176543068141,0.9999874234199524,0.0012016799300909042,0.00018235421157442033,speech,0.9,1967.1215,623.8,0.4552,1523.9,0.2964,40.0,auto-rms-22x-rms772,772.5,0.585,,
night-20260420,cry-20260419T131754+1000.wav,2026-04-19T13:17:54+10:00,0.001115658087655902,0.0043828170746564865,0.9999923706054688,0.00977959856390953,0.004139208234846592,speech,1.0,2084.9702,601.6,0.4827,1466.6,0.2848,40.0,auto-rms-9x-rms320,319.6,0.63,,
night-20260420,cry-20260419T131855+1000.wav,2026-04-19T13:18:55+10:00,2.190357008657884e-05,0.00021849189943168312,0.9999427795410156,0.000570798700209707,1.551519744680263e-06,speech,1.0,1755.6531,594.6,0.4542,1464.8,0.2808,40.0,auto-rms-31x-rms1096,1096.2,0.581,,
night-20260420,cry-20260419T131957+1000.wav,2026-04-19T13:19:57+10:00,0.0022313660010695457,0.0037000689189881086,0.9999533295631409,0.03139693662524223,0.0002309777628397569,speech,1.0,1789.2296,552.2,0.4602,1482.3,0.2849,40.0,auto-rms-12x-rms421,421.4,0.6,,
night-20260420,cry-20260419T132059+1000.wav,2026-04-19T13:20:59+10:00,0.001151752658188343,0.0024647132959216833,0.9999886155128479,0.5152614116668701,7.176160465860448e-07,speech,1.7,2047.5085,556.1,0.4367,1570.4,0.276,40.0,auto-rms-20x-rms723,722.7,0.61,,
night-20260420,cry-20260419T132201+1000.wav,2026-04-19T13:22:01+10:00,0.0008728717220947146,0.004692751448601484,0.9999901652336121,0.00532315531745553,1.0189713975705672e-05,speech,1.5,1834.8193,567.1,0.3957,1538.0,0.2952,40.0,auto-rms-7x-rms258,258.0,0.584,,
night-20260420,cry-20260419T134705+1000.wav,2026-04-19T13:47:05+10:00,0.956911027431488,0.9958357810974121,0.3966982364654541,0.3324895203113556,0.03416065871715546,cry,9.8,5549.8877,511.6,0.5118,1791.8,0.3113,40.0,auto-rms-10x-rms511,511.2,0.517,,
night-20260420,cry-20260419T134738+1000.wav,2026-04-19T13:47:38+10:00,0.8915975689888,0.9469127058982849,0.46320798993110657,0.2593388557434082,0.0030202926136553288,cry,9.3,5540.104,495.2,0.1636,1527.5,0.3691,40.0,Cry6,61.0,0.5,,
night-20260420,cry-20260419T134820+1000.wav,2026-04-19T13:48:20+10:00,0.9769335389137268,0.998370885848999,0.35176077485084534,0.2242572009563446,0.02744317054748535,cry,8.3,4702.999,530.4,0.3252,1775.5,0.3705,40.0,auto-rms-26x-rms1380,1379.6,0.517,,
night-20260420,cry-20260419T134922+1000.wav,2026-04-19T13:49:22+10:00,0.9818205237388611,0.9985350966453552,0.9943482279777527,0.48751407861709595,0.4940760135650635,cry,8.6,5413.3794,492.2,0.5403,1725.3,0.3091,40.0,auto-rms-36x-rms1920,1919.5,0.517,,
night-20260420,cry-20260419T135122+1000.wav,2026-04-19T13:51:22+10:00,0.9710861444473267,0.9973808526992798,0.9050791263580322,0.21303416788578033,0.1717534363269806,cry,8.4,4564.5264,507.9,0.4372,1389.3,0.2316,40.0,auto-rms-9x-rms468,467.9,0.501,,
night-20260420,cry-20260419T135226+1000.wav,2026-04-19T13:52:26+10:00,0.907071053981781,0.9722723364830017,0.9771449565887451,0.2791219651699066,0.03406298905611038,cry,8.5,11078.6699,504.9,0.4547,1366.7,0.2287,40.0,auto-rms-26x-rms1681,1681.5,0.5,,
night-20260420,cry-20260419T135407+1000.wav,2026-04-19T13:54:07+10:00,0.9005877375602722,0.9854678511619568,0.411050945520401,0.1177004799246788,0.013238907791674137,cry,10.4,3794.2332,546.3,0.1951,1224.9,0.2221,40.0,auto-rms-22x-rms2143,2142.7,0.501,,
night-20260420,cry-20260419T140148+1000.wav,2026-04-19T14:01:48+10:00,0.9753045439720154,0.9973335862159729,0.9092969298362732,0.08932476490736008,0.11546449363231659,cry,9.1,3648.8218,489.2,0.2136,1215.1,0.2233,40.0,auto-rms-11x-rms1618,1618.0,0.501,,
night-20260420,cry-20260419T144259+1000.wav,2026-04-19T14:42:59+10:00,0.003523357678204775,0.012302047573029995,0.011196061968803406,0.0038709959480911493,0.0024603838101029396,other,0.0,123.789,0.0,0.0,1070.2,0.2432,40.0,Cry1,101.4,0.5,,
night-20260420,cry-20260419T200405+1000.wav,2026-04-19T20:04:05+10:00,0.8765695691108704,0.9031288027763367,0.9986501932144165,0.6753690242767334,0.05316133052110672,cry,7.9,2753.1221,461.6,0.3847,1643.7,0.3307,40.0,auto-rms-5x-rms629,629.3,0.5,,
night-20260420,cry-20260419T201809+1000.wav,2026-04-19T20:18:09+10:00,0.7307038903236389,0.9417279958724976,0.9998930096626282,0.37246525287628174,0.05260872840881348,cry,5.5,4549.6274,320.7,0.1221,2181.1,0.5378,40.0,auto-rms-15x-rms1527,1526.5,0.5,,
night-20260420,cry-20260419T202016+1000.wav,2026-04-19T20:20:16+10:00,0.6848686337471008,0.8324403762817383,0.9998477101325989,0.38473349809646606,0.05273381993174553,cry,4.4,2444.7002,365.6,0.4177,1580.5,0.3192,40.0,auto-rms-7x-rms737,736.9,0.5,,
night-20260420,cry-20260419T202324+1000.wav,2026-04-19T20:23:24+10:00,0.313315749168396,0.41868066787719727,0.9990478157997131,0.745073139667511,0.023845110088586807,borderline_cry,6.7,4462.7285,374.7,0.3557,1620.2,0.333,40.0,auto-rms-7x-rms684,683.6,0.5,,
night-20260420,cry-20260419T203932+1000.wav,2026-04-19T20:39:32+10:00,0.10049350559711456,0.1764610856771469,0.9958902597427368,0.6596540212631226,0.0557473748922348,speech,6.8,1318.6704,411.4,0.2416,1830.0,0.3932,40.0,auto-rms-6x-rms415,415.4,0.5,,
night-20260420,cry-20260419T204127+1000.wav,2026-04-19T20:41:27+10:00,0.6577090620994568,0.7839664220809937,0.9981237649917603,0.4442328214645386,0.029796632006764412,cry,8.6,2571.8606,440.9,0.1461,1916.7,0.4401,40.0,auto-rms-14x-rms906,906.4,0.5,,
night-20260420,cry-20260419T204525+1000.wav,2026-04-19T20:45:25+10:00,0.00028162484522908926,0.0014419174985960126,0.9999710917472839,0.005342043936252594,4.7898389311740175e-05,speech,3.5,3494.8291,419.0,0.076,2124.0,0.5489,40.0,auto-rms-17x-rms1144,1143.7,0.5,,
night-20260420,cry-20260419T204817+1000.wav,2026-04-19T20:48:17+10:00,0.5223438143730164,0.5799869894981384,0.9974279403686523,0.6863776445388794,0.01178188156336546,cry,7.5,2403.9011,413.6,0.1456,1786.6,0.4222,40.0,auto-rms-5x-rms345,344.6,0.517,,
night-20260420,cry-20260419T205425+1000.wav,2026-04-19T20:54:25+10:00,0.8824871182441711,0.9795921444892883,0.9990068674087524,0.10612653940916061,0.02756829559803009,cry,7.4,1461.3695,474.8,0.1891,2025.3,0.4403,40.0,auto-rms-10x-rms679,678.9,0.5,,
night-20260420,cry-20260419T210007+1000.wav,2026-04-19T21:00:07+10:00,0.0401250384747982,0.08435062319040298,0.9999764561653137,0.1029917374253273,3.241355443606153e-05,speech,2.1,1559.724,563.3,0.1946,2098.1,0.4557,40.0,auto-rms-7x-rms443,443.4,0.5,,
night-20260420,cry-20260419T210139+1000.wav,2026-04-19T21:01:39+10:00,0.004972462076693773,0.031629227101802826,0.9998481869697571,0.4841136336326599,0.0006368359900079668,speech,5.4,1365.9999,469.1,0.0895,1991.9,0.4541,40.0,auto-rms-10x-rms630,629.5,0.5,,
night-20260420,cry-20260420T061402+1000.wav,2026-04-20T06:14:02+10:00,2.0532329472189303e-06,6.843541996204294e-06,0.0015113098779693246,0.0001474677846999839,4.1613421331021527e-07,other,0.0,56.2269,0.0,0.0,1535.5,0.425,40.0,Bedroom-quiet,47.9,0.5,,
night-20260420,cry-20260420T062901+1000.wav,2026-04-20T06:29:01+10:00,1.890656494651921e-05,0.00010009999095927924,0.002398481359705329,0.0003505984495859593,1.5078038586580078e-06,other,0.0,59.2383,0.0,0.0,1538.4,0.4255,40.0,Bedroom-quiet,37.7,0.5,,
night-20260420,cry-20260420T063036+1000.wav,2026-04-20T06:30:36+10:00,0.9556891918182373,0.9917363524436951,0.3682422637939453,0.5587899088859558,0.09377241879701614,cry,6.6,2437.124,520.1,0.1066,1780.5,0.4382,40.0,cry,50.9,0.501,,
night-20260420,cry-20260420T063112+1000.wav,2026-04-20T06:31:12+10:00,0.9196632504463196,0.975384533405304,0.06149716675281525,0.08764989674091339,0.07928900420665741,cry,10.1,2160.9253,447.3,0.1496,1535.5,0.3848,40.0,auto-rms-14x-rms630,630.5,0.5,,
night-20260420,cry-20260420T083618+1000.wav,2026-04-20T08:36:18+10:00,0.0405956506729126,0.09436476975679398,0.999876081943512,0.18602317571640015,0.0035653149243444204,speech,6.1,1959.8436,339.5,0.092,1740.3,0.4405,40.0,auto-rms-6x-rms252,252.2,0.5,,
night-20260420,cry-20260420T102611+1000.wav,2026-04-20T10:26:11+10:00,0.04001319780945778,0.10171934217214584,0.9894900918006897,0.24921490252017975,0.20351551473140717,speech,7.5,3378.7893,665.9,0.0525,2039.9,0.4651,40.016,auto-rms-64x-rms2767,2767.4,0.5,,
night-20260420,cry-20260420T102801+1000.wav,2026-04-20T10:28:01+10:00,0.6878955960273743,0.8977290391921997,0.9984657168388367,0.3360328674316406,0.014925645664334297,cry,7.2,3403.9788,350.3,0.1401,1940.5,0.4347,40.0,auto-rms-6x-rms273,272.8,0.5,,
night-20260420,cry-20260420T102959+1000.wav,2026-04-20T10:29:59+10:00,0.4713006913661957,0.65499347448349,0.9549903869628906,0.3618236482143402,0.012012428604066372,cry,9.4,3420.5571,501.9,0.1136,2144.5,0.4676,40.0,auto-rms-6x-rms273,272.6,0.5,,
night-20260420,cry-20260420T103126+1000.wav,2026-04-20T10:31:26+10:00,0.37663087248802185,0.43836724758148193,0.9878210425376892,0.5545742511749268,0.04150589182972908,borderline_cry,3.0,2242.0916,548.7,0.088,1905.3,0.475,40.0,auto-rms-9x-rms371,371.2,0.5,,
night-20260420,cry-20260420T104136+1000.wav,2026-04-20T10:41:36+10:00,0.9133486747741699,0.9911494255065918,0.9735679030418396,0.1350204348564148,0.01203279010951519,cry,9.0,1369.0753,823.6,0.076,1631.0,0.4153,40.0,auto-rms-26x-rms1119,1118.7,0.501,,
night-20260420,cry-20260420T123001+1000.wav,2026-04-20T12:30:01+10:00,0.04075144603848457,0.08492713421583176,0.9988289475440979,0.01992814987897873,0.011172790080308914,speech,2.5,2651.6238,585.6,0.08,1545.0,0.3859,40.0,auto-rms-5x-rms228,227.6,0.5,,
night-20260420,cry-20260420T184944+1000.wav,2026-04-20T18:49:44+10:00,0.09080072492361069,0.15169654786586761,0.99415522813797,0.4505155086517334,0.007819078862667084,speech,8.3,675.1624,476.6,0.062,1666.7,0.3944,40.0,auto-rms-6x-rms255,254.6,0.501,,
night-20260420,cry-20260420T185117+1000.wav,2026-04-20T18:51:17+10:00,0.8233900666236877,0.9230952262878418,0.9870729446411133,0.554865837097168,0.04521451145410538,cry,6.6,1027.5281,513.7,0.1101,1823.1,0.4144,40.0,auto-rms-7x-rms304,304.1,0.5,,
night-20260420,cry-20260420T185838+1000.wav,2026-04-20T18:58:38+10:00,0.935597836971283,0.9899370074272156,0.9865017533302307,0.1952807754278183,0.019655074924230576,cry,10.3,1485.5084,537.4,0.1801,1639.0,0.367,40.0,auto-rms-5x-rms231,230.9,0.5,,
night-20260420,cry-20260420T185947+1000.wav,2026-04-20T18:59:47+10:00,0.459495484828949,0.6347320675849915,0.9994028210639954,0.4785647392272949,0.042772501707077026,cry,9.8,1519.1906,753.2,0.1426,1891.4,0.4531,40.0,auto-rms-9x-rms383,382.8,0.5,,
night-20260420,cry-20260420T190907+1000.wav,2026-04-20T19:09:07+10:00,0.8930280208587646,0.984616219997406,0.8496371507644653,0.3564603626728058,0.02052183821797371,cry,8.5,3845.6287,593.8,0.2286,1939.7,0.4315,40.0,auto-rms-24x-rms1050,1050.1,0.5,,
night-20260420,cry-20260420T191011+1000.wav,2026-04-20T19:10:11+10:00,0.9704185724258423,0.9958996772766113,0.993800938129425,0.4815320372581482,0.005332425236701965,cry,9.1,4675.4443,558.1,0.5143,2077.6,0.3824,40.0,auto-rms-11x-rms494,493.9,0.5,,
night-20260420,cry-20260420T191149+1000.wav,2026-04-20T19:11:49+10:00,0.946403980255127,0.9928322434425354,0.9957220554351807,0.5944135189056396,0.035018276423215866,cry,7.9,4953.375,505.1,0.4607,2149.0,0.4058,40.0,auto-rms-9x-rms408,408.0,0.501,,
night-20260420,cry-20260420T191300+1000.wav,2026-04-20T19:13:00+10:00,0.8473755121231079,0.9769884943962097,0.9961864352226257,0.52928626537323,0.04844830557703972,cry,9.7,3726.3457,504.4,0.2816,1907.7,0.3805,40.0,auto-rms-11x-rms488,488.1,0.5,,
night-20260420,cry-20260420T192126+1000.wav,2026-04-20T19:21:26+10:00,0.71562260389328,0.9446620941162109,0.9913020133972168,0.05352453514933586,0.001746451249346137,cry,7.4,780.491,560.6,0.022,1829.2,0.4803,40.0,auto-rms-5x-rms222,222.2,0.5,,
night-20260420,cry-20260420T194526+1000.wav,2026-04-20T19:45:26+10:00,0.9270704984664917,0.9838088750839233,0.9999518990516663,0.47100090980529785,0.04157312959432602,cry,8.3,5318.6157,408.4,0.1951,1791.3,0.4221,40.0,auto-rms-8x-rms337,337.0,0.5,,
night-20260420,cry-20260420T194935+1000.wav,2026-04-20T19:49:35+10:00,0.9270462989807129,0.9841658473014832,0.7432774305343628,0.4475070536136627,0.039518583565950394,cry,8.4,3512.592,574.0,0.3917,2016.4,0.4047,40.0,auto-rms-10x-rms559,559.3,0.5,,
night-20260420,cry-20260420T195124+1000.wav,2026-04-20T19:51:24+10:00,0.9121438264846802,0.986416757106781,0.28782373666763306,0.3231066167354584,0.015826968476176262,cry,7.5,1507.3008,491.1,0.1361,1729.1,0.4017,40.0,auto-rms-6x-rms327,326.5,0.501,,
night-20260420,cry-20260420T195446+1000.wav,2026-04-20T19:54:46+10:00,0.3607744872570038,0.5471388101577759,0.9563115239143372,0.22482170164585114,0.02583344094455242,cry,9.8,1042.7405,473.6,0.091,1333.8,0.3388,40.0,auto-rms-7x-rms451,451.2,0.5,,
night-20260420,cry-20260420T195552+1000.wav,2026-04-20T19:55:52+10:00,0.9636620283126831,0.9955396056175232,0.4204748868942261,0.27229517698287964,0.045051585882902145,cry,9.1,2954.4395,491.7,0.2771,1597.6,0.3495,40.0,auto-rms-34x-rms2228,2227.7,0.501,,
night-20260420,cry-20260420T195658+1000.wav,2026-04-20T19:56:58+10:00,0.928573489189148,0.9893757700920105,0.8031850457191467,0.07873628288507462,0.03283530846238136,cry,10.0,3379.9067,716.5,0.1426,1456.7,0.3441,40.0,auto-rms-15x-rms987,987.1,0.501,,
night-20260420,cry-20260420T195954+1000.wav,2026-04-20T19:59:54+10:00,0.9415707588195801,0.9898645877838135,0.7577319145202637,0.3341778814792633,0.06087764725089073,cry,7.9,3122.6379,556.5,0.2871,1726.4,0.3391,40.0,auto-rms-11x-rms701,701.4,0.501,,
night-20260420,cry-20260420T200101+1000.wav,2026-04-20T20:01:01+10:00,0.977218747138977,0.9983813166618347,0.7032678127288818,0.3126141130924225,0.107034832239151,cry,10.0,2011.2329,494.1,0.3667,1457.1,0.2912,40.016,auto-rms-25x-rms1613,1613.2,0.501,,
night-20260420,cry-20260420T200206+1000.wav,2026-04-20T20:02:06+10:00,0.9853034615516663,0.998424768447876,0.3771677613258362,0.2452925592660904,0.12218321859836578,cry,8.5,5060.7988,474.4,0.5998,2070.8,0.3541,40.0,auto-rms-29x-rms1936,1936.3,0.622,,
night-20260420,cry-20260420T202228+1000.wav,2026-04-20T20:22:28+10:00,0.9253724217414856,0.9909199476242065,0.8150614500045776,0.677227258682251,0.16643188893795013,cry,8.2,5235.5557,518.0,0.4017,1894.7,0.3599,40.0,auto-rms-13x-rms872,872.1,0.5,,
night-20260420,cry-20260420T202326+1000.wav,2026-04-20T20:23:26+10:00,0.9786519408226013,0.9987736940383911,0.790585994720459,0.5505143404006958,0.23425832390785217,cry,6.8,5781.7808,470.0,0.6218,2156.4,0.3719,40.0,Cry%20screaming,85.6,0.517,,
night-20260420,cry-20260420T202357+1000.wav,2026-04-20T20:23:57+10:00,0.9776238799095154,0.9975995421409607,0.4634685814380646,0.4016410708427429,0.6126851439476013,cry,7.0,5690.9897,433.9,0.6158,1912.4,0.3098,40.0,auto-rms-32x-rms2121,2120.8,0.501,,
night-20260420,cry-20260421T010404+1000.wav,2026-04-21T01:04:04+10:00,0.9406729936599731,0.9905182719230652,0.41308167576789856,0.5247417092323303,0.390360951423645,cry,8.2,3276.7932,479.6,0.2146,2106.5,0.4582,40.0,auto-rms-8x-rms654,654.1,0.5,,
night-20260420,cry-20260421T010923+1000.wav,2026-04-21T01:09:23+10:00,0.965493381023407,0.997130811214447,0.06197565793991089,0.01915718801319599,0.3666291832923889,cry,10.0,1650.4037,488.0,0.094,1884.9,0.4573,40.0,auto-rms-11x-rms883,882.7,0.501,,
night-20260420,cry-20260421T011043+1000.wav,2026-04-21T01:10:43+10:00,0.9660633206367493,0.9953917860984802,0.5678824782371521,0.17467133700847626,0.40943631529808044,cry,10.6,6080.1528,485.1,0.5393,1955.6,0.3222,40.0,auto-rms-12x-rms996,996.1,0.5,,
night-20260420,cry-20260421T011517+1000.wav,2026-04-21T01:15:17+10:00,0.9549114108085632,0.9926033020019531,0.7286533713340759,0.14439137279987335,0.12092059850692749,cry,10.8,4897.707,523.2,0.5928,1696.6,0.2804,40.0,auto-rms-13x-rms1051,1051.5,0.501,,
night-20260420,cry-20260421T012015+1000.wav,2026-04-21T01:20:15+10:00,0.9605331420898438,0.9968511462211609,0.6792998313903809,0.20201143622398376,0.40039747953414917,cry,10.5,4627.6929,503.2,0.5113,1929.5,0.3492,40.0,auto-rms-18x-rms1432,1432.2,0.517,,
night-20260420,cry-20260421T091514+1000.wav,2026-04-21T09:15:14+10:00,0.002159176394343376,0.007510062772780657,0.9987258911132812,0.38380855321884155,0.00013340922305360436,speech,7.6,1049.7905,281.0,0.073,1886.9,0.4718,40.0,auto-rms-5x-rms238,237.8,0.5,,
night-20260420,cry-20260421T091717+1000.wav,2026-04-21T09:17:17+10:00,0.005319930613040924,0.025568470358848572,0.9999874234199524,0.009318712167441845,0.0032130335457623005,speech,1.8,6978.9395,428.8,0.3087,1785.6,0.3783,40.016,auto-rms-13x-rms583,583.2,0.5,,
night-20260420,cry-20260421T092012+1000.wav,2026-04-21T09:20:12+10:00,0.00032528102747164667,0.0026530944742262363,0.9999489784240723,0.006538993213325739,5.194824916543439e-05,speech,2.2,1751.0123,463.5,0.1301,1924.7,0.4814,40.0,auto-rms-16x-rms717,717.0,0.5,,
night-20260420,cry-20260421T092121+1000.wav,2026-04-21T09:21:21+10:00,0.00037879226147197187,0.015544328838586807,0.9999672174453735,0.0059546977281570435,8.558589797758032e-06,speech,2.2,1799.0922,500.1,0.1741,1992.7,0.4604,40.0,auto-rms-6x-rms253,253.5,0.5,,
night-20260420,cry-20260421T092424+1000.wav,2026-04-21T09:24:24+10:00,0.002013266086578369,0.007045114412903786,0.9999649524688721,0.03069845214486122,5.192233948037028e-05,speech,1.2,1661.2047,612.7,0.062,1961.7,0.5029,40.0,auto-rms-7x-rms325,325.3,0.5,,
night-20260420,cry-20260421T092622+1000.wav,2026-04-21T09:26:22+10:00,0.00039552716771140695,0.004328013863414526,0.9999575614929199,0.013219760730862617,9.729524208523799e-06,speech,2.0,1992.6646,427.5,0.1201,2131.2,0.5258,40.0,auto-rms-23x-rms1022,1022.2,0.5,,
night-20260420,cry-20260421T092745+1000.wav,2026-04-21T09:27:45+10:00,4.0335991798201576e-05,0.00011028638982679695,0.9999733567237854,0.0012160120531916618,2.4380797185585834e-06,speech,1.8,3384.9961,470.4,0.1736,2208.0,0.4993,40.0,auto-rms-9x-rms377,377.4,0.5,,
night-20260420,cry-20260421T093223+1000.wav,2026-04-21T09:32:23+10:00,0.002738738199695945,0.01727260835468769,0.9995458722114563,0.006475783884525299,0.000221151378354989,speech,0.5,1092.0599,835.6,0.0265,2109.0,0.5463,40.0,auto-rms-11x-rms380,380.2,0.5,,
night-20260420,cry-20260421T093642+1000.wav,2026-04-21T09:36:42+10:00,0.00031223302357830107,0.0016612154431641102,0.9998728632926941,0.018382586538791656,1.076603666660958e-06,speech,1.8,1669.0309,438.3,0.1896,1953.2,0.3977,40.0,auto-rms-17x-rms615,615.0,0.5,,
night-20260420,cry-20260421T094430+1000.wav,2026-04-21T09:44:30+10:00,0.006684193853288889,0.083572618663311,0.9999117255210876,0.009187914431095123,0.0006545190117321908,speech,1.1,2308.5718,593.2,0.1936,2154.3,0.4864,40.0,auto-rms-16x-rms559,559.4,0.5,,
night-20260420,cry-20260421T095134+1000.wav,2026-04-21T09:51:34+10:00,0.0018384188879281282,0.014442027546465397,0.9998388886451721,0.0151860686019063,8.316830644616857e-05,speech,0.9,1268.9308,565.4,0.037,2111.1,0.5293,40.0,auto-rms-22x-rms786,786.1,0.5,,
night-20260420,cry-20260421T095313+1000.wav,2026-04-21T09:53:13+10:00,0.0034260156098753214,0.02464693784713745,0.9999669194221497,0.005057609640061855,0.00139558722730726,speech,1.3,3040.3999,544.8,0.3447,1906.4,0.3931,40.0,auto-rms-17x-rms587,586.9,0.5,,
night-20260420,cry-20260421T095420+1000.wav,2026-04-21T09:54:20+10:00,6.664275815637666e-07,1.2692269592662342e-05,0.9999141693115234,0.0026269780937582254,6.998783774747608e-10,speech,1.0,2372.6453,484.7,0.1611,1921.1,0.4494,40.0,auto-rms-19x-rms676,676.5,0.5,,
night-20260420,cry-20260421T095532+1000.wav,2026-04-21T09:55:32+10:00,3.390896017663181e-05,0.000410580774769187,0.9955443739891052,0.0034316463861614466,3.3493852242827415e-06,speech,1.5,1771.3754,510.9,0.028,2047.6,0.537,40.0,auto-rms-23x-rms827,827.2,0.5,,
night-20260420,cry-20260421T100534+1000.wav,2026-04-21T10:05:34+10:00,0.002581170527264476,0.029742592945694923,0.9999955296516418,0.011794895865023136,0.00033338641515001655,speech,1.4,3285.2729,572.3,0.2716,1908.0,0.4207,40.0,auto-rms-20x-rms716,716.4,0.5,,
night-20260420,cry-20260421T100752+1000.wav,2026-04-21T10:07:52+10:00,0.0039019868709146976,0.016453338786959648,0.9998723268508911,0.019544215872883797,0.00039440233376808465,speech,1.7,970.0922,552.1,0.1366,1935.7,0.4741,40.0,auto-rms-8x-rms290,289.8,0.5,,
night-20260420,cry-20260421T101009+1000.wav,2026-04-21T10:10:09+10:00,0.02602051943540573,0.1394423097372055,0.9999390840530396,0.0297101978212595,0.0027581278700381517,speech,3.5,5016.8564,414.8,0.1936,1954.2,0.4744,40.0,auto-rms-19x-rms680,679.8,0.5,,
night-20260420,cry-20260421T101117+1000.wav,2026-04-21T10:11:17+10:00,6.232084706425667e-05,0.000595217861700803,0.9992772936820984,0.007986733689904213,0.00013529177522286773,speech,1.5,1045.8,754.9,0.0495,1919.5,0.4732,40.0,auto-rms-17x-rms612,612.1,0.5,,
night-20260420,cry-20260421T101250+1000.wav,2026-04-21T10:12:50+10:00,0.006011737510561943,0.031114961951971054,0.9997460842132568,0.02932818979024887,0.0011990314815193415,speech,1.2,1338.9897,618.6,0.0915,2010.8,0.4909,40.0,auto-rms-8x-rms288,287.5,0.5,,
night-20260420,cry-20260421T101446+1000.wav,2026-04-21T10:14:46+10:00,0.00016195834905374795,0.0014843513490632176,0.9999982714653015,0.0029435015749186277,3.107264319623937e-06,speech,1.3,1463.8035,606.2,0.08,2024.5,0.506,40.0,auto-rms-17x-rms615,614.6,0.5,,
night-20260420,cry-20260421T101845+1000.wav,2026-04-21T10:18:45+10:00,0.0031040904577821493,0.011330928653478622,0.9999643564224243,0.02435321733355522,4.029613592138048e-06,speech,1.2,1632.2994,517.8,0.1831,1913.7,0.4396,40.0,auto-rms-7x-rms247,247.2,0.5,,
night-20260420,cry-20260421T102011+1000.wav,2026-04-21T10:20:11+10:00,0.0061994618736207485,0.04808352142572403,0.9999875426292419,0.02031068131327629,0.010578185319900513,speech,1.6,5407.5811,551.8,0.1881,1905.1,0.4532,40.0,auto-rms-29x-rms1015,1015.0,0.5,,
night-20260421,cry-20260421T103139+1000.wav,2026-04-21T10:31:39+10:00,0.019667286425828934,0.21303723752498627,0.9999486207962036,0.018066106364130974,0.0022648514714092016,speech,1.9,3312.7559,443.2,0.1411,2187.5,0.518,40.0,auto-rms-7x-rms265,265.0,0.5,,
night-20260421,cry-20260421T110100+1000.wav,2026-04-21T11:01:00+10:00,0.0048667979426681995,0.18612225353717804,0.9999825954437256,0.0037499680183827877,0.00027821073308587074,speech,2.1,1796.875,448.8,0.2916,2155.9,0.4483,40.0,auto-rms-33x-rms1161,1160.9,0.5,,
night-20260421,cry-20260421T110208+1000.wav,2026-04-21T11:02:08+10:00,3.6765934055438265e-05,0.00018967922369483858,0.999995768070221,0.0034734371583908796,6.750775355612859e-06,speech,2.2,2347.03,403.1,0.2971,1876.3,0.3927,40.0,auto-rms-14x-rms483,482.6,0.5,,
night-20260421,cry-20260421T110316+1000.wav,2026-04-21T11:03:16+10:00,0.00029104299028404057,0.0037605587858706713,0.9999859929084778,0.01652742177248001,1.756439269229304e-05,speech,1.0,2544.0728,468.1,0.1761,2022.9,0.4498,40.0,auto-rms-11x-rms377,377.3,0.5,,
night-20260421,cry-20260421T110509+1000.wav,2026-04-21T11:05:09+10:00,0.0014566010795533657,0.008311212062835693,0.9999254941940308,0.017586033791303635,5.417631473392248e-05,speech,1.7,2062.9407,457.3,0.1076,2179.5,0.5326,40.0,auto-rms-18x-rms624,624.2,0.5,,
night-20260421,cry-20260421T110709+1000.wav,2026-04-21T11:07:09+10:00,4.9736914661480114e-05,0.00020839447097387165,0.9999207854270935,0.0104431863874197,1.903683823911706e-06,speech,4.0,857.3269,500.6,0.0385,2144.8,0.5633,40.0,auto-rms-22x-rms773,773.5,0.5,,
night-20260421,cry-20260421T115610+1000.wav,2026-04-21T11:56:10+10:00,0.0023273155093193054,0.009355993010103703,0.9998951554298401,0.0146391736343503,0.00036961404839530587,speech,0.8,1208.5109,656.1,0.0775,2079.9,0.5438,40.0,auto-rms-14x-rms485,485.0,0.5,,
night-20260421,cry-20260421T115723+1000.wav,2026-04-21T11:57:23+10:00,5.3545580158242956e-05,0.0001955472689587623,0.9998899698257446,0.009253633208572865,5.1371603149164e-07,speech,2.4,1986.3286,441.3,0.0645,1980.2,0.5024,40.0,auto-rms-11x-rms405,404.7,0.5,,
night-20260421,cry-20260421T120046+1000.wav,2026-04-21T12:00:46+10:00,7.045568054309115e-05,0.0008279362809844315,0.9999836683273315,0.00682470016181469,5.608293940895237e-05,speech,0.7,1219.537,758.1,0.03,2170.2,0.5598,40.0,auto-rms-14x-rms482,481.9,0.5,,
night-20260421,cry-20260421T120623+1000.wav,2026-04-21T12:06:23+10:00,9.775250509846956e-05,0.0007703488226979971,0.9998910427093506,0.008594002574682236,4.878187951362634e-07,speech,0.4,776.0038,808.3,0.016,2042.2,0.5291,40.0,auto-rms-11x-rms380,379.7,0.5,,
night-20260421,cry-20260421T120812+1000.wav,2026-04-21T12:08:12+10:00,0.00031493534334003925,0.001717766746878624,0.9999840259552002,0.006025977432727814,3.5775807191384956e-05,speech,1.8,1995.9564,500.6,0.1151,1935.7,0.4807,40.0,auto-rms-24x-rms856,855.7,0.5,,
night-20260421,cry-20260421T141542+1000.wav,2026-04-21T14:15:42+10:00,0.032132621854543686,0.0963071808218956,0.9945447444915771,0.05232667550444603,0.00274567655287683,speech,3.0,1041.8247,518.7,0.0525,1826.2,0.4789,40.016,auto-rms-16x-rms575,575.0,0.5,,
night-20260421,cry-20260421T145625+1000.wav,2026-04-21T14:56:25+10:00,0.0008952866774052382,0.0037733789067715406,0.9999493956565857,0.005039616487920284,6.828174809925258e-05,speech,2.1,1590.8042,506.7,0.1636,1843.2,0.4628,40.0,auto-rms-14x-rms504,504.3,0.5,,
night-20260421,cry-20260421T145941+1000.wav,2026-04-21T14:59:41+10:00,0.0013718241825699806,0.019922755658626556,0.9995791912078857,0.009454705752432346,0.00028716298402287066,speech,1.8,1560.4281,672.3,0.068,2028.8,0.5309,40.0,auto-rms-7x-rms239,239.2,0.5,,
night-20260421,cry-20260421T150139+1000.wav,2026-04-21T15:01:39+10:00,7.049983832985163e-05,0.0005780998035334051,0.9999460577964783,0.0023665199987590313,1.7159695744339842e-06,speech,2.7,1681.9606,468.0,0.1566,1828.8,0.4522,40.0,auto-rms-7x-rms242,242.0,0.5,,
night-20260421,cry-20260421T150253+1000.wav,2026-04-21T15:02:53+10:00,0.000249330943915993,0.0018137922743335366,0.9995318055152893,0.006503269076347351,1.6182038962142542e-05,speech,2.8,1560.4536,577.8,0.096,1919.4,0.4882,40.0,auto-rms-21x-rms737,736.9,0.5,,
night-20260421,cry-20260421T150504+1000.wav,2026-04-21T15:05:04+10:00,4.245428613103286e-07,3.956924501835601e-06,0.9999794960021973,0.0005756414611823857,1.1554813772463035e-09,speech,1.5,1677.9752,499.8,0.0475,2061.6,0.5273,40.0,,,,,
night-20260421,cry-20260421T150606+1000.wav,2026-04-21T15:06:06+10:00,7.385800563497469e-05,0.0002471068291924894,0.9999991655349731,0.00320093659684062,9.612708709028084e-06,speech,1.4,2697.801,511.7,0.2511,1808.8,0.4293,40.0,auto-rms-43x-rms1531,1530.7,0.5,,
night-20260421,cry-20260421T150736+1000.wav,2026-04-21T15:07:36+10:00,0.007167342118918896,0.05649102106690407,0.9999634623527527,0.008516332134604454,0.0005784081295132637,speech,2.6,2060.6348,424.0,0.1111,1987.6,0.4974,40.0,auto-rms-22x-rms794,794.3,0.5,,
night-20260421,cry-20260421T150919+1000.wav,2026-04-21T15:09:19+10:00,0.00018548622028902173,0.0015746852150186896,0.9999553561210632,0.023625407367944717,1.5127835467865225e-05,speech,2.4,1987.1337,571.3,0.1251,1718.6,0.4317,40.0,auto-rms-9x-rms326,326.4,0.5,,
night-20260421,cry-20260421T151056+1000.wav,2026-04-21T15:10:56+10:00,0.008284587413072586,0.03497804328799248,0.9998658299446106,0.009858333505690098,0.0003277257492300123,speech,2.0,1725.7305,434.7,0.0615,2013.7,0.5285,40.0,,,,,
night-20260421,cry-20260421T154009+1000.wav,2026-04-21T15:40:09+10:00,0.0007105077966116369,0.006243078503757715,0.6158607006072998,0.005659035407006741,0.0012883655726909637,speech,-1.0,6016.5537,529.2,0.037,2490.7,0.566,40.0,auto-rms-10x-rms342,342.1,0.5,,
night-20260421,cry-20260421T154111+1000.wav,2026-04-21T15:41:11+10:00,0.0013608559966087341,0.0033827777951955795,0.80213463306427,0.0061408039182424545,0.0169045552611351,speech,2.1,1166.2484,320.3,0.0455,2512.6,0.5659,40.0,auto-rms-6x-rms212,212.1,0.5,,
night-20260421,cry-20260421T154426+1000.wav,2026-04-21T15:44:26+10:00,0.010345092043280602,0.02691049315035343,0.9999004006385803,0.14860916137695312,0.003115621395409107,speech,6.2,3313.9614,296.7,0.2191,1732.3,0.416,40.0,auto-rms-11x-rms401,401.0,0.5,,
night-20260421,cry-20260421T164216+1000.wav,2026-04-21T16:42:16+10:00,0.0015941689489409328,0.012423783540725708,0.06132357195019722,0.006236896384507418,0.0418442003428936,other,2.4,613.7089,1077.3,0.0275,1248.9,0.3417,40.0,auto-rms-11x-rms585,584.5,0.5,,
night-20260421,cry-20260421T174441+1000.wav,2026-04-21T17:44:41+10:00,0.25828221440315247,0.4243772029876709,0.9989696145057678,0.25237005949020386,0.0015080795856192708,borderline_cry,6.8,860.0449,300.1,0.1241,1743.0,0.4005,40.0,auto-rms-6x-rms308,308.2,0.5,,
night-20260421,cry-20260421T184728+1000.wav,2026-04-21T18:47:28+10:00,0.955121636390686,0.9928677082061768,0.9699968695640564,0.5670509338378906,0.24392811954021454,cry,8.2,4136.0874,492.8,0.3232,1837.9,0.3761,40.0,auto-rms-11x-rms379,379.1,0.5,,
night-20260421,cry-20260421T190220+1000.wav,2026-04-21T19:02:20+10:00,0.9273008704185486,0.9913090467453003,0.9871447086334229,0.5934948921203613,0.05384033918380737,cry,7.6,7998.6777,514.7,0.5628,2006.6,0.3606,40.0,auto-rms-8x-rms267,267.3,0.5,,
night-20260421,cry-20260421T190325+1000.wav,2026-04-21T19:03:25+10:00,0.9363879561424255,0.9954837560653687,0.9997486472129822,0.7540512681007385,0.00768220704048872,cry,5.8,4987.2764,401.3,0.3507,1788.5,0.3647,40.0,auto-rms-9x-rms312,312.2,0.5,,
night-20260421,cry-20260421T190432+1000.wav,2026-04-21T19:04:32+10:00,0.9764869809150696,0.9985190033912659,0.998805820941925,0.6501484513282776,0.010164156556129456,cry,7.5,3228.9355,470.1,0.2506,1875.7,0.4076,40.0,,,,,
night-20260421,cry-20260421T190550+1000.wav,2026-04-21T19:05:50+10:00,0.9605364203453064,0.9971343874931335,0.9858371019363403,0.6615542769432068,0.004054278135299683,cry,8.5,3297.8586,486.9,0.2801,1808.6,0.3747,40.016,auto-rms-19x-rms683,682.9,0.517,,
night-20260421,cry-20260421T190707+1000.wav,2026-04-21T19:07:07+10:00,0.9534879326820374,0.9978012442588806,0.9913213849067688,0.3101026117801666,0.024288441985845566,cry,7.9,3966.0725,570.0,0.2551,1776.4,0.3929,40.0,auto-rms-45x-rms1582,1581.5,0.5,,
night-20260421,cry-20260421T190810+1000.wav,2026-04-21T19:08:10+10:00,0.9742860198020935,0.9987289309501648,0.9965665936470032,0.8010642528533936,0.03915258124470711,cry,7.4,2924.5259,503.7,0.1756,1734.7,0.4074,40.0,auto-rms-26x-rms915,914.6,0.501,,
night-20260421,cry-20260421T191037+1000.wav,2026-04-21T19:10:37+10:00,0.7801384329795837,0.8917089700698853,0.9378964900970459,0.07321321964263916,0.024669790640473366,cry,6.0,601.9995,636.7,0.0625,1863.0,0.4518,40.0,auto-rms-8x-rms295,295.3,0.622,,
night-20260421,cry-20260421T191155+1000.wav,2026-04-21T19:11:55+10:00,0.9062871336936951,0.9694603681564331,0.9855096340179443,0.1180877834558487,0.23498573899269104,cry,10.2,811.3105,498.0,0.0385,1950.7,0.4149,40.0,auto-rms-6x-rms230,230.2,0.5,,
night-20260421,cry-20260421T191403+1000.wav,2026-04-21T19:14:03+10:00,0.9023614525794983,0.96063232421875,0.6956623792648315,0.2899985909461975,0.22702911496162415,cry,2.2,521.6093,574.3,0.0645,2012.4,0.4114,40.0,auto-rms-7x-rms251,251.3,0.501,,
night-20260421,cry-20260421T201746+1000.wav,2026-04-21T20:17:46+10:00,0.020647643133997917,0.05057026445865631,0.1103702262043953,0.2334073930978775,0.0007320795557461679,mixed,8.2,862.6973,506.3,0.1646,1270.5,0.2391,40.0,auto-rms-8x-rms294,294.2,0.5,,
night-20260421,cry-20260421T201857+1000.wav,2026-04-21T20:18:57+10:00,3.881748125422746e-05,0.00033269712002947927,0.04025932028889656,0.014627933502197266,7.348950020968914e-06,other,8.7,1103.9965,480.5,0.1536,1292.4,0.2447,40.0,auto-rms-8x-rms296,295.9,0.5,,
night-20260421,cry-20260421T202545+1000.wav,2026-04-21T20:25:45+10:00,0.9475257396697998,0.9930049180984497,0.7657290101051331,0.2531532943248749,0.003962769638746977,cry,9.7,4591.5391,474.2,0.1401,1572.2,0.3841,40.0,auto-rms-18x-rms636,636.4,0.5,,
night-20260421,cry-20260421T202846+1000.wav,2026-04-21T20:28:46+10:00,0.888373851776123,0.9890245795249939,0.6179421544075012,0.18082626163959503,0.016365885734558105,cry,9.9,1891.6785,494.5,0.1846,1747.6,0.404,40.0,auto-rms-7x-rms249,248.6,0.622,,
night-20260421,cry-20260421T223153+1000.wav,2026-04-21T22:31:53+10:00,0.9572875499725342,0.9956455230712891,0.5566937327384949,0.3980167508125305,0.020287901163101196,cry,11.1,2755.9446,462.4,0.3977,1721.7,0.333,40.0,auto-rms-8x-rms404,403.7,0.517,,
night-20260421,cry-20260421T225900+1000.wav,2026-04-21T22:59:00+10:00,0.0004916559555567801,0.008178707212209702,0.4566655158996582,0.008131925947964191,1.2030693142150994e-05,mixed,2.9,599.0985,1202.0,0.0545,1423.3,0.3816,40.0,auto-rms-6x-rms269,269.5,0.5,,
night-20260421,cry-20260421T231041+1000.wav,2026-04-21T23:10:41+10:00,0.000932336610276252,0.008076488971710205,0.6623669862747192,0.010310705751180649,0.00018792257469613105,speech,3.2,544.0922,1230.8,0.074,1459.2,0.3902,40.016,auto-rms-11x-rms458,458.2,0.5,,
night-20260421,cry-20260421T231623+1000.wav,2026-04-21T23:16:23+10:00,0.0004838531312998384,0.005840491969138384,0.4968383312225342,0.005363842472434044,0.0001259546697838232,mixed,2.9,639.7125,1223.6,0.0685,1447.4,0.3864,40.0,auto-rms-7x-rms284,284.0,0.5,,
night-20260421,cry-20260421T233751+1000.wav,2026-04-21T23:37:51+10:00,0.8008830547332764,0.9361671805381775,0.07997014373540878,0.023880532011389732,0.0015800395049154758,cry,10.6,949.2186,433.9,0.052,1544.9,0.3909,40.0,auto-rms-6x-rms277,276.6,0.517,,
night-20260421,cry-20260422T013405+1000.wav,2026-04-22T01:34:05+10:00,0.000621333543676883,0.006724111270159483,0.0782398208975792,0.0013388313818722963,0.0003960053436458111,other,3.0,591.9824,1230.8,0.0295,1391.6,0.3705,40.0,auto-rms-11x-rms464,463.8,0.5,,
night-20260421,cry-20260422T033807+1000.wav,2026-04-22T03:38:07+10:00,0.9384681582450867,0.9962860941886902,0.33374255895614624,0.2506543695926666,0.10177309811115265,cry,10.2,5543.4443,464.3,0.3927,1759.5,0.3295,40.0,auto-rms-46x-rms1984,1983.9,0.517,,
night-20260421,cry-20260422T034140+1000.wav,2026-04-22T03:41:40+10:00,0.9825448989868164,0.9991445541381836,0.10674846917390823,0.1839839071035385,0.022245820611715317,cry,9.1,2035.4657,460.7,0.1051,1701.5,0.4163,40.0,auto-rms-15x-rms637,636.8,0.501,,
night-20260421,cry-20260422T045601+1000.wav,2026-04-22T04:56:01+10:00,0.00020464559202082455,0.0023843562230467796,0.05190436542034149,0.0013223369605839252,0.00017060137179214507,other,1.8,518.2381,1167.9,0.024,1884.1,0.5021,40.0,auto-rms-7x-rms292,291.9,0.5,,
night-20260421,cry-20260422T072220+1000.wav,2026-04-22T07:22:20+10:00,0.4373590648174286,0.7103830575942993,0.8866415023803711,0.4514652192592621,0.0008763948571868241,cry,5.2,1515.5828,638.2,0.028,1934.6,0.5134,40.0,auto-rms-19x-rms682,681.7,0.501,,
night-20260422,cry-20260422T183346+1000.wav,2026-04-22T18:33:46+10:00,0.587433934211731,0.9102363586425781,0.9973803758621216,0.6966094374656677,0.04333582893013954,cry,8.0,2836.2939,498.8,0.2151,1792.1,0.4215,40.0,auto-rms-24x-rms862,862.1,0.0,,
night-20260422,cry-20260422T184956+1000.wav,2026-04-22T18:49:56+10:00,0.4889560639858246,0.5646812915802002,0.9995017647743225,0.2298714965581894,0.28955578804016113,cry,7.5,1689.8411,577.2,0.1106,1766.9,0.4069,40.0,auto-rms-39x-rms1386,1386.3,0.0,,
night-20260422,cry-20260422T185329+1000.wav,2026-04-22T18:53:29+10:00,0.9393723607063293,0.9928264617919922,0.9979669451713562,0.28418049216270447,0.11281184107065201,cry,8.3,4387.1152,603.2,0.3007,2082.2,0.4314,40.0,auto-rms-9x-rms316,316.4,0.004,,
night-20260422,cry-20260422T185535+1000.wav,2026-04-22T18:55:35+10:00,0.951586127281189,0.9960148930549622,0.9880400896072388,0.7054080963134766,0.014397484250366688,cry,7.9,3495.8882,491.8,0.2836,1962.0,0.4274,40.0,auto-rms-24x-rms840,840.3,0.0,,
night-20260422,cry-20260422T185648+1000.wav,2026-04-22T18:56:48+10:00,0.947184145450592,0.9922041893005371,0.9938377737998962,0.2863405644893646,0.057351626455783844,cry,8.3,3755.1689,455.4,0.3557,1934.7,0.3984,40.0,auto-rms-10x-rms341,341.1,0.0,,
night-20260422,cry-20260422T185837+1000.wav,2026-04-22T18:58:37+10:00,0.9115450978279114,0.9831659197807312,0.9958264231681824,0.531613290309906,0.004659316502511501,cry,6.3,2686.9338,461.9,0.1881,1875.1,0.4263,40.016,auto-rms-13x-rms467,466.8,0.0,,
night-20260422,cry-20260422T185946+1000.wav,2026-04-22T18:59:46+10:00,0.9724304676055908,0.9975351691246033,0.9990090131759644,0.30754005908966064,0.00773640489205718,cry,5.8,4340.4355,570.8,0.1916,2023.0,0.4721,40.0,auto-rms-18x-rms652,651.6,0.0,,
night-20260422,cry-20260422T193810+1000.wav,2026-04-22T19:38:10+10:00,0.9171211123466492,0.9931551814079285,0.6210947632789612,0.7376498579978943,0.03186342120170593,cry,9.0,1994.0714,483.9,0.1971,1973.0,0.4632,40.0,auto-rms-6x-rms229,229.0,0.0,,
night-20260422,cry-20260422T194131+1000.wav,2026-04-22T19:41:31+10:00,0.9513104557991028,0.9926141500473022,0.8836974501609802,0.4807482063770294,0.017151731997728348,cry,9.1,3361.5386,468.4,0.1851,1965.4,0.4619,40.0,auto-rms-10x-rms351,350.9,0.0,,
night-20260422,cry-20260422T194809+1000.wav,2026-04-22T19:48:09+10:00,0.6681150197982788,0.8947663903236389,0.22371172904968262,0.1383613795042038,0.018447518348693848,cry,9.9,1271.4097,438.7,0.0565,2016.4,0.5255,40.0,auto-rms-27x-rms956,956.1,0.004,,
night-20260422,cry-20260422T195054+1000.wav,2026-04-22T19:50:54+10:00,0.916508674621582,0.9943800568580627,0.08194040507078171,0.04246434569358826,0.0033764708787202835,cry,8.2,1667.7131,488.2,0.0615,2104.3,0.5432,40.0,auto-rms-19x-rms682,681.7,0.0,,
night-20260422,cry-20260422T200123+1000.wav,2026-04-22T20:01:23+10:00,0.8955572247505188,0.9801985621452332,0.9687705636024475,0.18417735397815704,0.02109186165034771,cry,10.2,2083.2539,512.4,0.098,1931.6,0.4648,40.016,auto-rms-18x-rms764,764.4,0.0,,
night-20260422,cry-20260422T202429+1000.wav,2026-04-22T20:24:29+10:00,0.5061506032943726,0.7684394121170044,0.5636574625968933,0.41149479150772095,0.08868568390607834,cry,6.4,2402.8608,524.2,0.0585,1283.0,0.2842,40.0,auto-rms-6x-rms334,334.1,0.004,,
night-20260422,cry-20260422T202651+1000.wav,2026-04-22T20:26:51+10:00,0.9187203645706177,0.9829800724983215,0.8417431116104126,0.43061959743499756,0.048798464238643646,cry,10.0,3478.9612,501.1,0.3322,1734.4,0.3482,40.0,auto-rms-14x-rms752,751.5,0.0,,
night-20260422,cry-20260423T053501+1000.wav,2026-04-23T05:35:01+10:00,0.9559023380279541,0.9965356588363647,0.09657398611307144,0.2571178376674652,0.36641135811805725,cry,9.7,2088.9673,426.2,0.4587,2122.3,0.3974,40.0,auto-rms-10x-rms361,361.5,0.066,,
night-20260422,cry-20260423T054642+1000.wav,2026-04-23T05:46:42+10:00,0.9182556867599487,0.9833082556724548,0.37609538435935974,0.4121816158294678,0.021153267472982407,cry,9.9,2004.4105,464.8,0.2231,1995.4,0.4581,40.0,auto-rms-8x-rms301,301.2,0.0,,
night-20260422,cry-20260423T055453+1000.wav,2026-04-23T05:54:53+10:00,0.91736900806427,0.9842637777328491,0.9871616959571838,0.17281097173690796,0.058461982756853104,cry,9.3,3762.043,489.8,0.3307,1980.9,0.3798,40.0,auto-rms-12x-rms417,417.0,0.0,,
night-20260422,cry-20260423T055558+1000.wav,2026-04-23T05:55:58+10:00,0.8909915685653687,0.958223283290863,0.587273895740509,0.24447467923164368,0.07570724189281464,cry,8.5,1581.0724,409.7,0.5768,1573.5,0.2756,40.0,auto-rms-9x-rms322,321.9,0.004,,
night-20260422,cry-20260423T055701+1000.wav,2026-04-23T05:57:01+10:00,0.9194303154945374,0.9869834184646606,0.1272856444120407,0.17028231918811798,0.4628250300884247,cry,7.4,2037.0812,460.6,0.4937,1718.0,0.3188,40.0,auto-rms-11x-rms382,381.6,0.0,,
night-20260422,cry-20260423T055808+1000.wav,2026-04-23T05:58:08+10:00,0.9116679430007935,0.9709047675132751,0.9866203665733337,0.17507468163967133,0.39574670791625977,cry,6.8,3605.4919,499.0,0.4917,1930.6,0.3708,40.0,Morning%20cry,368.6,0.0,,
night-20260422,cry-20260423T055842+1000.wav,2026-04-23T05:58:42+10:00,0.9390780329704285,0.9908493161201477,0.9762317538261414,0.28950321674346924,0.47250857949256897,cry,4.9,3989.9089,510.8,0.6383,2134.7,0.3721,40.0,auto-rms-19x-rms658,658.2,0.004,,
night-20260422,cry-20260423T060053+1000.wav,2026-04-23T06:00:53+10:00,0.9465551376342773,0.9965548515319824,0.13672660291194916,0.2931896448135376,0.03751128166913986,cry,9.9,2321.0972,478.5,0.3072,2075.9,0.4309,40.0,auto-rms-35x-rms1242,1242.4,0.0,,
night-20260422,cry-20260423T060157+1000.wav,2026-04-23T06:01:57+10:00,0.9070606827735901,0.9958280920982361,0.6513357162475586,0.2573360502719879,0.5092834830284119,cry,5.7,2717.8113,498.7,0.4602,1833.5,0.3748,40.0,auto-rms-40x-rms1414,1414.1,0.004,,
night-20260422,cry-20260423T062610+1000.wav,2026-04-23T06:26:10+10:00,0.9359005689620972,0.997205376625061,0.19843608140945435,0.28474563360214233,0.015277160331606865,cry,9.4,2695.929,508.6,0.0725,2115.5,0.535,40.0,auto-rms-11x-rms376,376.4,0.0,,
